product1,product1 details,100,100
product2,product2 details,101,101
product3,product1 details,102,102
product4,product1 details,103,103
product5,product1 details,104,104
product6,product2 details,105,105
product7,product1 details,106,106
product8,product1 details,107,107
product9,product1 details,108,108
product10,product2 details,109,109
product11,product1 details,110,110
product12,product1 details,111,111
product13,product1 details,112,112
product14,product2 details,113,113
product15,product1 details,114,114
product16,product1 details,115,115
product17,product1 details,116,116
product18,product2 details,117,117
product19,product1 details,118,118
product20,product1 details,119,119
product21,product1 details,120,120
product22,product2 details,121,121
product23,product1 details,122,122
product24,product1 details,123,123
product25,product1 details,124,124
product26,product2 details,125,125
product27,product1 details,126,126
product28,product1 details,127,127
product29,product1 details,128,128
product30,product2 details,129,129
product31,product1 details,130,130
product32,product1 details,131,131
product33,product1 details,132,132
product34,product2 details,133,133
product35,product1 details,134,134
product36,product1 details,135,135
product37,product1 details,136,136
product38,product2 details,137,137
product39,product1 details,138,138
product40,product1 details,139,139
product41,product1 details,140,140
product42,product2 details,141,141
product43,product1 details,142,142
product44,product1 details,143,143
product45,product1 details,144,144
product46,product2 details,145,145
product47,product1 details,146,146
product48,product1 details,147,147
product49,product1 details,148,148
product50,product2 details,149,149
product51,product1 details,150,150
product52,product1 details,151,151
product53,product1 details,152,152
product54,product2 details,153,153
product55,product1 details,154,154
product56,product1 details,155,155
product57,product1 details,156,156
product58,product2 details,157,157
product59,product1 details,158,158
product60,product1 details,159,159
product61,product1 details,160,160
product62,product2 details,161,161
product63,product1 details,162,162
product64,product1 details,163,163
product65,product1 details,164,164
product66,product2 details,165,165
product67,product1 details,166,166
product68,product1 details,167,167
product69,product1 details,168,168
product70,product2 details,169,169
product71,product1 details,170,170
product72,product1 details,171,171
product73,product1 details,172,172
product74,product2 details,173,173
product75,product1 details,174,174
product76,product1 details,175,175
product77,product1 details,176,176
product78,product2 details,177,177
product79,product1 details,178,178
product80,product1 details,179,179
product81,product1 details,180,180
product82,product2 details,181,181
product83,product1 details,182,182
product84,product1 details,183,183
product85,product1 details,184,184
product86,product2 details,185,185
product87,product1 details,186,186
product88,product1 details,187,187
product89,product1 details,188,188
product90,product2 details,189,189
product91,product1 details,190,190
product92,product1 details,191,191
product93,product1 details,192,192
product94,product2 details,193,193
product95,product1 details,194,194
product96,product1 details,195,195
product97,product1 details,196,196
product98,product2 details,197,197
product99,product1 details,198,198
product100,product1 details,199,199
product101,product1 details,200,200
product102,product2 details,201,201
product103,product1 details,202,202
product104,product1 details,203,203
product105,product1 details,204,204
product106,product2 details,205,205
product107,product1 details,206,206
product108,product1 details,207,207
product109,product1 details,208,208
product110,product2 details,209,209
product111,product1 details,210,210
product112,product1 details,211,211
product113,product1 details,212,212
product114,product2 details,213,213
product115,product1 details,214,214
product116,product1 details,215,215
product117,product1 details,216,216
product118,product2 details,217,217
product119,product1 details,218,218
product120,product1 details,219,219
product121,product1 details,220,220
product122,product2 details,221,221
product123,product1 details,222,222
product124,product1 details,223,223
product125,product1 details,224,224
product126,product2 details,225,225
product127,product1 details,226,226
product128,product1 details,227,227
product129,product1 details,228,228
product130,product2 details,229,229
product131,product1 details,230,230
product132,product1 details,231,231
product133,product1 details,232,232
product134,product2 details,233,233
product135,product1 details,234,234
product136,product1 details,235,235
product137,product1 details,236,236
product138,product2 details,237,237
product139,product1 details,238,238
product140,product1 details,239,239
product141,product1 details,240,240
product142,product2 details,241,241
product143,product1 details,242,242
product144,product1 details,243,243
product145,product1 details,244,244
product146,product2 details,245,245
product147,product1 details,246,246
product148,product1 details,247,247
product149,product1 details,248,248
product150,product2 details,249,249
product151,product1 details,250,250
product152,product1 details,251,251
product153,product1 details,252,252
product154,product2 details,253,253
product155,product1 details,254,254
product156,product1 details,255,255
product157,product1 details,256,256
product158,product2 details,257,257
product159,product1 details,258,258
product160,product1 details,259,259
product161,product1 details,260,260
product162,product2 details,261,261
product163,product1 details,262,262
product164,product1 details,263,263
product165,product1 details,264,264
product166,product2 details,265,265
product167,product1 details,266,266
product168,product1 details,267,267
product169,product1 details,268,268
product170,product2 details,269,269
product171,product1 details,270,270
product172,product1 details,271,271
product173,product1 details,272,272
product174,product2 details,273,273
product175,product1 details,274,274
product176,product1 details,275,275
product177,product1 details,276,276
product178,product2 details,277,277
product179,product1 details,278,278
product180,product1 details,279,279
product181,product1 details,280,280
product182,product2 details,281,281
product183,product1 details,282,282
product184,product1 details,283,283
product185,product1 details,284,284
product186,product2 details,285,285
product187,product1 details,286,286
product188,product1 details,287,287
product189,product1 details,288,288
product190,product2 details,289,289
product191,product1 details,290,290
product192,product1 details,291,291
product193,product1 details,292,292
product194,product2 details,293,293
product195,product1 details,294,294
product196,product1 details,295,295
product197,product1 details,296,296
product198,product2 details,297,297
product199,product1 details,298,298
product200,product1 details,299,299
product201,product1 details,300,300
product202,product2 details,301,301
product203,product1 details,302,302
product204,product1 details,303,303
product205,product1 details,304,304
product206,product2 details,305,305
product207,product1 details,306,306
product208,product1 details,307,307
product209,product1 details,308,308
product210,product2 details,309,309
product211,product1 details,310,310
product212,product1 details,311,311
product213,product1 details,312,312
product214,product2 details,313,313
product215,product1 details,314,314
product216,product1 details,315,315
product217,product1 details,316,316
product218,product2 details,317,317
product219,product1 details,318,318
product220,product1 details,319,319
product221,product1 details,320,320
product222,product2 details,321,321
product223,product1 details,322,322
product224,product1 details,323,323
product225,product1 details,324,324
product226,product2 details,325,325
product227,product1 details,326,326
product228,product1 details,327,327
product229,product1 details,328,328
product230,product2 details,329,329
product231,product1 details,330,330
product232,product1 details,331,331
product233,product1 details,332,332
product234,product2 details,333,333
product235,product1 details,334,334
product236,product1 details,335,335
product237,product1 details,336,336
product238,product2 details,337,337
product239,product1 details,338,338
product240,product1 details,339,339
product241,product1 details,340,340
product242,product2 details,341,341
product243,product1 details,342,342
product244,product1 details,343,343
product245,product1 details,344,344
product246,product2 details,345,345
product247,product1 details,346,346
product248,product1 details,347,347
product249,product1 details,348,348
product250,product2 details,349,349
product251,product1 details,350,350
product252,product1 details,351,351
product253,product1 details,352,352
product254,product2 details,353,353
product255,product1 details,354,354
product256,product1 details,355,355
product257,product1 details,356,356
product258,product2 details,357,357
product259,product1 details,358,358
product260,product1 details,359,359
product261,product1 details,360,360
product262,product2 details,361,361
product263,product1 details,362,362
product264,product1 details,363,363
product265,product1 details,364,364
product266,product2 details,365,365
product267,product1 details,366,366
product268,product1 details,367,367
product269,product1 details,368,368
product270,product2 details,369,369
product271,product1 details,370,370
product272,product1 details,371,371
product273,product1 details,372,372
product274,product2 details,373,373
product275,product1 details,374,374
product276,product1 details,375,375
product277,product1 details,376,376
product278,product2 details,377,377
product279,product1 details,378,378
product280,product1 details,379,379
product281,product1 details,380,380
product282,product2 details,381,381
product283,product1 details,382,382
product284,product1 details,383,383
product285,product1 details,384,384
product286,product2 details,385,385
product287,product1 details,386,386
product288,product1 details,387,387
product289,product1 details,388,388
product290,product2 details,389,389
product291,product1 details,390,390
product292,product1 details,391,391
product293,product1 details,392,392
product294,product2 details,393,393
product295,product1 details,394,394
product296,product1 details,395,395
product297,product1 details,396,396
product298,product2 details,397,397
product299,product1 details,398,398
product300,product1 details,399,399
product301,product1 details,400,400
product302,product2 details,401,401
product303,product1 details,402,402
product304,product1 details,403,403
product305,product1 details,404,404
product306,product2 details,405,405
product307,product1 details,406,406
product308,product1 details,407,407
product309,product1 details,408,408
product310,product2 details,409,409
product311,product1 details,410,410
product312,product1 details,411,411
product313,product1 details,412,412
product314,product2 details,413,413
product315,product1 details,414,414
product316,product1 details,415,415
product317,product1 details,416,416
product318,product2 details,417,417
product319,product1 details,418,418
product320,product1 details,419,419
product321,product1 details,420,420
product322,product2 details,421,421
product323,product1 details,422,422
product324,product1 details,423,423
product325,product1 details,424,424
product326,product2 details,425,425
product327,product1 details,426,426
product328,product1 details,427,427
product329,product1 details,428,428
product330,product2 details,429,429
product331,product1 details,430,430
product332,product1 details,431,431
product333,product1 details,432,432
product334,product2 details,433,433
product335,product1 details,434,434
product336,product1 details,435,435
product337,product1 details,436,436
product338,product2 details,437,437
product339,product1 details,438,438
product340,product1 details,439,439
product341,product1 details,440,440
product342,product2 details,441,441
product343,product1 details,442,442
product344,product1 details,443,443
product345,product1 details,444,444
product346,product2 details,445,445
product347,product1 details,446,446
product348,product1 details,447,447
product349,product1 details,448,448
product350,product2 details,449,449
product351,product1 details,450,450
product352,product1 details,451,451
product353,product1 details,452,452
product354,product2 details,453,453
product355,product1 details,454,454
product356,product1 details,455,455
product357,product1 details,456,456
product358,product2 details,457,457
product359,product1 details,458,458
product360,product1 details,459,459
product361,product1 details,460,460
product362,product2 details,461,461
product363,product1 details,462,462
product364,product1 details,463,463
product365,product1 details,464,464
product366,product2 details,465,465
product367,product1 details,466,466
product368,product1 details,467,467
product369,product1 details,468,468
product370,product2 details,469,469
product371,product1 details,470,470
product372,product1 details,471,471
product373,product1 details,472,472
product374,product2 details,473,473
product375,product1 details,474,474
product376,product1 details,475,475
product377,product1 details,476,476
product378,product2 details,477,477
product379,product1 details,478,478
product380,product1 details,479,479
product381,product1 details,480,480
product382,product2 details,481,481
product383,product1 details,482,482
product384,product1 details,483,483
product385,product1 details,484,484
product386,product2 details,485,485
product387,product1 details,486,486
product388,product1 details,487,487
product389,product1 details,488,488
product390,product2 details,489,489
product391,product1 details,490,490
product392,product1 details,491,491
product393,product1 details,492,492
product394,product2 details,493,493
product395,product1 details,494,494
product396,product1 details,495,495
product397,product1 details,496,496
product398,product2 details,497,497
product399,product1 details,498,498
product400,product1 details,499,499
product401,product1 details,500,500
product402,product2 details,501,501
product403,product1 details,502,502
product404,product1 details,503,503
product405,product1 details,504,504
product406,product2 details,505,505
product407,product1 details,506,506
product408,product1 details,507,507
product409,product1 details,508,508
product410,product2 details,509,509
product411,product1 details,510,510
product412,product1 details,511,511
product413,product1 details,512,512
product414,product2 details,513,513
product415,product1 details,514,514
product416,product1 details,515,515
product417,product1 details,516,516
product418,product2 details,517,517
product419,product1 details,518,518
product420,product1 details,519,519
product421,product1 details,520,520
product422,product2 details,521,521
product423,product1 details,522,522
product424,product1 details,523,523
product425,product1 details,524,524
product426,product2 details,525,525
product427,product1 details,526,526
product428,product1 details,527,527
product429,product1 details,528,528
product430,product2 details,529,529
product431,product1 details,530,530
product432,product1 details,531,531
product433,product1 details,532,532
product434,product2 details,533,533
product435,product1 details,534,534
product436,product1 details,535,535
product437,product1 details,536,536
product438,product2 details,537,537
product439,product1 details,538,538
product440,product1 details,539,539
product441,product1 details,540,540
product442,product2 details,541,541
product443,product1 details,542,542
product444,product1 details,543,543
product445,product1 details,544,544
product446,product2 details,545,545
product447,product1 details,546,546
product448,product1 details,547,547
product449,product1 details,548,548
product450,product2 details,549,549
product451,product1 details,550,550
product452,product1 details,551,551
product453,product1 details,552,552
product454,product2 details,553,553
product455,product1 details,554,554
product456,product1 details,555,555
product457,product1 details,556,556
product458,product2 details,557,557
product459,product1 details,558,558
product460,product1 details,559,559
product461,product1 details,560,560
product462,product2 details,561,561
product463,product1 details,562,562
product464,product1 details,563,563
product465,product1 details,564,564
product466,product2 details,565,565
product467,product1 details,566,566
product468,product1 details,567,567
product469,product1 details,568,568
product470,product2 details,569,569
product471,product1 details,570,570
product472,product1 details,571,571
product473,product1 details,572,572
product474,product2 details,573,573
product475,product1 details,574,574
product476,product1 details,575,575
product477,product1 details,576,576
product478,product2 details,577,577
product479,product1 details,578,578
product480,product1 details,579,579
product481,product1 details,580,580
product482,product2 details,581,581
product483,product1 details,582,582
product484,product1 details,583,583
product485,product1 details,584,584
product486,product2 details,585,585
product487,product1 details,586,586
product488,product1 details,587,587
product489,product1 details,588,588
product490,product2 details,589,589
product491,product1 details,590,590
product492,product1 details,591,591
product493,product1 details,592,592
product494,product2 details,593,593
product495,product1 details,594,594
product496,product1 details,595,595
product497,product1 details,596,596
product498,product2 details,597,597
product499,product1 details,598,598
product500,product1 details,599,599
product501,product1 details,600,600
product502,product2 details,601,601
product503,product1 details,602,602
product504,product1 details,603,603
product505,product1 details,604,604
product506,product2 details,605,605
product507,product1 details,606,606
product508,product1 details,607,607
product509,product1 details,608,608
product510,product2 details,609,609
product511,product1 details,610,610
product512,product1 details,611,611
product513,product1 details,612,612
product514,product2 details,613,613
product515,product1 details,614,614
product516,product1 details,615,615
product517,product1 details,616,616
product518,product2 details,617,617
product519,product1 details,618,618
product520,product1 details,619,619
product521,product1 details,620,620
product522,product2 details,621,621
product523,product1 details,622,622
product524,product1 details,623,623
product525,product1 details,624,624
product526,product2 details,625,625
product527,product1 details,626,626
product528,product1 details,627,627
product529,product1 details,628,628
product530,product2 details,629,629
product531,product1 details,630,630
product532,product1 details,631,631
product533,product1 details,632,632
product534,product2 details,633,633
product535,product1 details,634,634
product536,product1 details,635,635
product537,product1 details,636,636
product538,product2 details,637,637
product539,product1 details,638,638
product540,product1 details,639,639
product541,product1 details,640,640
product542,product2 details,641,641
product543,product1 details,642,642
product544,product1 details,643,643
product545,product1 details,644,644
product546,product2 details,645,645
product547,product1 details,646,646
product548,product1 details,647,647
product549,product1 details,648,648
product550,product2 details,649,649
product551,product1 details,650,650
product552,product1 details,651,651
product553,product1 details,652,652
product554,product2 details,653,653
product555,product1 details,654,654
product556,product1 details,655,655
product557,product1 details,656,656
product558,product2 details,657,657
product559,product1 details,658,658
product560,product1 details,659,659
product561,product1 details,660,660
product562,product2 details,661,661
product563,product1 details,662,662
product564,product1 details,663,663
product565,product1 details,664,664
product566,product2 details,665,665
product567,product1 details,666,666
product568,product1 details,667,667
product569,product1 details,668,668
product570,product2 details,669,669
product571,product1 details,670,670
product572,product1 details,671,671
product573,product1 details,672,672
product574,product2 details,673,673
product575,product1 details,674,674
product576,product1 details,675,675
product577,product1 details,676,676
product578,product2 details,677,677
product579,product1 details,678,678
product580,product1 details,679,679
product581,product1 details,680,680
product582,product2 details,681,681
product583,product1 details,682,682
product584,product1 details,683,683
product585,product1 details,684,684
product586,product2 details,685,685
product587,product1 details,686,686
product588,product1 details,687,687
product589,product1 details,688,688
product590,product2 details,689,689
product591,product1 details,690,690
product592,product1 details,691,691
product593,product1 details,692,692
product594,product2 details,693,693
product595,product1 details,694,694
product596,product1 details,695,695
product597,product1 details,696,696
product598,product2 details,697,697
product599,product1 details,698,698
product600,product1 details,699,699
product601,product1 details,700,700
product602,product2 details,701,701
product603,product1 details,702,702
product604,product1 details,703,703
product605,product1 details,704,704
product606,product2 details,705,705
product607,product1 details,706,706
product608,product1 details,707,707
product609,product1 details,708,708
product610,product2 details,709,709
product611,product1 details,710,710
product612,product1 details,711,711
product613,product1 details,712,712
product614,product2 details,713,713
product615,product1 details,714,714
product616,product1 details,715,715
product617,product1 details,716,716
product618,product2 details,717,717
product619,product1 details,718,718
product620,product1 details,719,719
product621,product1 details,720,720
product622,product2 details,721,721
product623,product1 details,722,722
product624,product1 details,723,723
product625,product1 details,724,724
product626,product2 details,725,725
product627,product1 details,726,726
product628,product1 details,727,727
product629,product1 details,728,728
product630,product2 details,729,729
product631,product1 details,730,730
product632,product1 details,731,731
product633,product1 details,732,732
product634,product2 details,733,733
product635,product1 details,734,734
product636,product1 details,735,735
product637,product1 details,736,736
product638,product2 details,737,737
product639,product1 details,738,738
product640,product1 details,739,739
product641,product1 details,740,740
product642,product2 details,741,741
product643,product1 details,742,742
product644,product1 details,743,743
product645,product1 details,744,744
product646,product2 details,745,745
product647,product1 details,746,746
product648,product1 details,747,747
product649,product1 details,748,748
product650,product2 details,749,749
product651,product1 details,750,750
product652,product1 details,751,751
product653,product1 details,752,752
product654,product2 details,753,753
product655,product1 details,754,754
product656,product1 details,755,755
product657,product1 details,756,756
product658,product2 details,757,757
product659,product1 details,758,758
product660,product1 details,759,759
product661,product1 details,760,760
product662,product2 details,761,761
product663,product1 details,762,762
product664,product1 details,763,763
product665,product1 details,764,764
product666,product2 details,765,765
product667,product1 details,766,766
product668,product1 details,767,767
product669,product1 details,768,768
product670,product2 details,769,769
product671,product1 details,770,770
product672,product1 details,771,771
product673,product1 details,772,772
product674,product2 details,773,773
product675,product1 details,774,774
product676,product1 details,775,775
product677,product1 details,776,776
product678,product2 details,777,777
product679,product1 details,778,778
product680,product1 details,779,779
product681,product1 details,780,780
product682,product2 details,781,781
product683,product1 details,782,782
product684,product1 details,783,783
product685,product1 details,784,784
product686,product2 details,785,785
product687,product1 details,786,786
product688,product1 details,787,787
product689,product1 details,788,788
product690,product2 details,789,789
product691,product1 details,790,790
product692,product1 details,791,791
product693,product1 details,792,792
product694,product2 details,793,793
product695,product1 details,794,794
product696,product1 details,795,795
product697,product1 details,796,796
product698,product2 details,797,797
product699,product1 details,798,798
product700,product1 details,799,799
product701,product1 details,800,800
product702,product2 details,801,801
product703,product1 details,802,802
product704,product1 details,803,803
product705,product1 details,804,804
product706,product2 details,805,805
product707,product1 details,806,806
product708,product1 details,807,807
product709,product1 details,808,808
product710,product2 details,809,809
product711,product1 details,810,810
product712,product1 details,811,811
product713,product1 details,812,812
product714,product2 details,813,813
product715,product1 details,814,814
product716,product1 details,815,815
product717,product1 details,816,816
product718,product2 details,817,817
product719,product1 details,818,818
product720,product1 details,819,819
product721,product1 details,820,820
product722,product2 details,821,821
product723,product1 details,822,822
product724,product1 details,823,823
product725,product1 details,824,824
product726,product2 details,825,825
product727,product1 details,826,826
product728,product1 details,827,827
product729,product1 details,828,828
product730,product2 details,829,829
product731,product1 details,830,830
product732,product1 details,831,831
product733,product1 details,832,832
product734,product2 details,833,833
product735,product1 details,834,834
product736,product1 details,835,835
product737,product1 details,836,836
product738,product2 details,837,837
product739,product1 details,838,838
product740,product1 details,839,839
product741,product1 details,840,840
product742,product2 details,841,841
product743,product1 details,842,842
product744,product1 details,843,843
product745,product1 details,844,844
product746,product2 details,845,845
product747,product1 details,846,846
product748,product1 details,847,847
product749,product1 details,848,848
product750,product2 details,849,849
product751,product1 details,850,850
product752,product1 details,851,851
product753,product1 details,852,852
product754,product2 details,853,853
product755,product1 details,854,854
product756,product1 details,855,855
product757,product1 details,856,856
product758,product2 details,857,857
product759,product1 details,858,858
product760,product1 details,859,859
product761,product1 details,860,860
product762,product2 details,861,861
product763,product1 details,862,862
product764,product1 details,863,863
product765,product1 details,864,864
product766,product2 details,865,865
product767,product1 details,866,866
product768,product1 details,867,867
product769,product1 details,868,868
product770,product2 details,869,869
product771,product1 details,870,870
product772,product1 details,871,871
product773,product1 details,872,872
product774,product2 details,873,873
product775,product1 details,874,874
product776,product1 details,875,875
product777,product1 details,876,876
product778,product2 details,877,877
product779,product1 details,878,878
product780,product1 details,879,879
product781,product1 details,880,880
product782,product2 details,881,881
product783,product1 details,882,882
product784,product1 details,883,883
product785,product1 details,884,884
product786,product2 details,885,885
product787,product1 details,886,886
product788,product1 details,887,887
product789,product1 details,888,888
product790,product2 details,889,889
product791,product1 details,890,890
product792,product1 details,891,891
product793,product1 details,892,892
product794,product2 details,893,893
product795,product1 details,894,894
product796,product1 details,895,895
product797,product1 details,896,896
product798,product2 details,897,897
product799,product1 details,898,898
product800,product1 details,899,899
product801,product1 details,900,900
product802,product2 details,901,901
product803,product1 details,902,902
product804,product1 details,903,903
product805,product1 details,904,904
product806,product2 details,905,905
product807,product1 details,906,906
product808,product1 details,907,907
product809,product1 details,908,908
product810,product2 details,909,909
product811,product1 details,910,910
product812,product1 details,911,911
product813,product1 details,912,912
product814,product2 details,913,913
product815,product1 details,914,914
product816,product1 details,915,915
product817,product1 details,916,916
product818,product2 details,917,917
product819,product1 details,918,918
product820,product1 details,919,919
product821,product1 details,920,920
product822,product2 details,921,921
product823,product1 details,922,922
product824,product1 details,923,923
product825,product1 details,924,924
product826,product2 details,925,925
product827,product1 details,926,926
product828,product1 details,927,927
product829,product1 details,928,928
product830,product2 details,929,929
product831,product1 details,930,930
product832,product1 details,931,931
product833,product1 details,932,932
product834,product2 details,933,933
product835,product1 details,934,934
product836,product1 details,935,935
product837,product1 details,936,936
product838,product2 details,937,937
product839,product1 details,938,938
product840,product1 details,939,939
product841,product1 details,940,940
product842,product2 details,941,941
product843,product1 details,942,942
product844,product1 details,943,943
product845,product1 details,944,944
product846,product2 details,945,945
product847,product1 details,946,946
product848,product1 details,947,947
product849,product1 details,948,948
product850,product2 details,949,949
product851,product1 details,950,950
product852,product1 details,951,951
product853,product1 details,952,952
product854,product2 details,953,953
product855,product1 details,954,954
product856,product1 details,955,955
product857,product1 details,956,956
product858,product2 details,957,957
product859,product1 details,958,958
product860,product1 details,959,959
product861,product1 details,960,960
product862,product2 details,961,961
product863,product1 details,962,962
product864,product1 details,963,963
product865,product1 details,964,964
product866,product2 details,965,965
product867,product1 details,966,966
product868,product1 details,967,967
product869,product1 details,968,968
product870,product2 details,969,969
product871,product1 details,970,970
product872,product1 details,971,971
product873,product1 details,972,972
product874,product2 details,973,973
product875,product1 details,974,974
product876,product1 details,975,975
product877,product1 details,976,976
product878,product2 details,977,977
product879,product1 details,978,978
product880,product1 details,979,979
product881,product1 details,980,980
product882,product2 details,981,981
product883,product1 details,982,982
product884,product1 details,983,983
product885,product1 details,984,984
product886,product2 details,985,985
product887,product1 details,986,986
product888,product1 details,987,987
product889,product1 details,988,988
product890,product2 details,989,989
product891,product1 details,990,990
product892,product1 details,991,991
product893,product1 details,992,992
product894,product2 details,993,993
product895,product1 details,994,994
product896,product1 details,995,995
product897,product1 details,996,996
product898,product2 details,997,997
product899,product1 details,998,998
product900,product1 details,999,999
product901,product1 details,1000,1000
product902,product2 details,1001,1001
product903,product1 details,1002,1002
product904,product1 details,1003,1003
product905,product1 details,1004,1004
product906,product2 details,1005,1005
product907,product1 details,1006,1006
product908,product1 details,1007,1007
product909,product1 details,1008,1008
product910,product2 details,1009,1009
product911,product1 details,1010,1010
product912,product1 details,1011,1011
product913,product1 details,1012,1012
product914,product2 details,1013,1013
product915,product1 details,1014,1014
product916,product1 details,1015,1015
product917,product1 details,1016,1016
product918,product2 details,1017,1017
product919,product1 details,1018,1018
product920,product1 details,1019,1019
product921,product1 details,1020,1020
product922,product2 details,1021,1021
product923,product1 details,1022,1022
product924,product1 details,1023,1023
product925,product1 details,1024,1024
product926,product2 details,1025,1025
product927,product1 details,1026,1026
product928,product1 details,1027,1027
product929,product1 details,1028,1028
product930,product2 details,1029,1029
product931,product1 details,1030,1030
product932,product1 details,1031,1031
product933,product1 details,1032,1032
product934,product2 details,1033,1033
product935,product1 details,1034,1034
product936,product1 details,1035,1035
product937,product1 details,1036,1036
product938,product2 details,1037,1037
product939,product1 details,1038,1038
product940,product1 details,1039,1039
product941,product1 details,1040,1040
product942,product2 details,1041,1041
product943,product1 details,1042,1042
product944,product1 details,1043,1043
product945,product1 details,1044,1044
product946,product2 details,1045,1045
product947,product1 details,1046,1046
product948,product1 details,1047,1047
product949,product1 details,1048,1048
product950,product2 details,1049,1049
product951,product1 details,1050,1050
product952,product1 details,1051,1051
product953,product1 details,1052,1052
product954,product2 details,1053,1053
product955,product1 details,1054,1054
product956,product1 details,1055,1055
product957,product1 details,1056,1056
product958,product2 details,1057,1057
product959,product1 details,1058,1058
product960,product1 details,1059,1059
product961,product1 details,1060,1060
product962,product2 details,1061,1061
product963,product1 details,1062,1062
product964,product1 details,1063,1063
product965,product1 details,1064,1064
product966,product2 details,1065,1065
product967,product1 details,1066,1066
product968,product1 details,1067,1067
product969,product1 details,1068,1068
product970,product2 details,1069,1069
product971,product1 details,1070,1070
product972,product1 details,1071,1071
product973,product1 details,1072,1072
product974,product2 details,1073,1073
product975,product1 details,1074,1074
product976,product1 details,1075,1075
product977,product1 details,1076,1076
product978,product2 details,1077,1077
product979,product1 details,1078,1078
product980,product1 details,1079,1079
product981,product1 details,1080,1080
product982,product2 details,1081,1081
product983,product1 details,1082,1082
product984,product1 details,1083,1083
product985,product1 details,1084,1084
product986,product2 details,1085,1085
product987,product1 details,1086,1086
product988,product1 details,1087,1087
product989,product1 details,1088,1088
product990,product2 details,1089,1089
product991,product1 details,1090,1090
product992,product1 details,1091,1091
product993,product1 details,1092,1092
product994,product2 details,1093,1093
product995,product1 details,1094,1094
product996,product1 details,1095,1095
product997,product1 details,1096,1096
product998,product2 details,1097,1097
product999,product1 details,1098,1098
product1000,product1 details,1099,1099
